Subject,Date
**Audio|System**|lighting,2024-09-02
Bar|furniture|entertainment center,2024-09-02
**Side|table**|game room furniture,2024-09-02
**Living|room|furniture**,2024-09-02
Sectional|side table|electronics,2024-09-02
**Beverage|cooler**|bean bag chair,2024-09-02
office|furniture|home theater projector,2024-09-02
the|main|concept,2024-09-11
**Recliner**|projector screen|tv stand,2024-09-03
**Concept:**|Mini|fridge,2024-09-03
Mini|fridge|lighting,2024-09-03
**Recliner**|coffee table|man cave sign,2024-09-03
Modular|coffee|table,2024-09-03
LED|strip|light,2024-09-03
the|main|concepts,2024-09-10
**gaming|chair**|home decor,2024-09-10
